{
  "$schema": "https://go.kicad.org/pcm/schemas/v1",
  "name": "TVM802 Machine Data Export",
  "description": "Export TVM802 machine data and feeders templates from KiCad POS/positions files.",
  "description_full": "KiCad action plugin that exports TVM802 pick-and-place (machine) CSV files from KiCad POS or positions.csv files.\n\nFeatures:\n- Supports classic KiCad POS format and simple Designator/Mid X/Mid Y/Rotation positions files.\n- Generates full TVM802 machine data including panel and stack configuration.\n- Generates an unconfigured feeders template CSV to assign feeders by component type.\n- Lets you choose which FID* references are used as Mark 1 and Mark 2 fiducials.",
  "identifier": "tvm802-generator",
  "type": "plugin",
  "author": {
    "name": "skrubis",
    "contact": {
      "github": "https://github.com/skrubis"
    }
  },
  "maintainer": {
    "name": "skrubis",
    "contact": {
      "github": "https://github.com/skrubis"
    }
  },
  "license": "Apache-2.0",
  "resources": {
    "homepage": "https://example.com/tvm802-generator"
  },
  "tags": [
    "tvm802",
    "pickandplace",
    "assembly"
  ],
  "versions": [
    {
      "version": "1.0.0",
      "status": "stable",
      "kicad_version": "9.0",
      "runtime": "swig"
    }
  ]
}